,Coef.,Std.Err.,t,P>|t|,[0.025,0.975]
const,1.214306433183765e-16,0.024384665635920028,4.979795299694498e-15,0.999999999999996,-0.04788871128015118,0.04788871128015143
Children_in_poverty,0.4811201792530608,0.04541588026799194,10.593655268026218,3.564548941185607e-24,0.39192855324675535,0.5703118052593662
Qualifications_Level4_and_above,-0.25945230656058105,0.03116113713216138,-8.326150148506633,5.567547639093957e-16,-0.32064923751562696,-0.19825537560553513
Unauthorised_Absence_in_All_Schools,0.1584932336342533,0.036878112043178375,4.297758883336627,2.0099274988202868e-05,0.08606881385499035,0.23091765341351625
Crime_rate_log,0.06619914570938226,0.0313045988201963,2.114677977175468,0.03486505757704857,0.004720472307642845,0.1276778191111217
Population_density_boxcox,0.15485837068675953,0.03472221526000281,4.459921970046188,9.772740565236326e-06,0.08666788710907478,0.2230488542644443
Households_with_access_to_openspace,-0.05384169050947431,0.026700621257694807,-2.0164957957282645,0.04418879602701858,-0.10627867535485513,-0.0014047056640934877
